INSERT INTO TBUILDING(id, name) VALUES(-10,'Fayeul');
INSERT INTO TBUILDING(id, name) VALUES(-9,'Mines');
INSERT INTO TBUILDING(id, name) VALUES(-8,'CHU');

INSERT INTO TFLOOR(id,floor_number, target_temperature, building_id) VALUES(-10,1,25,-10);
INSERT INTO TFLOOR(id,floor_number, target_temperature, building_id) VALUES(-9,2,20,-10);
INSERT INTO TFLOOR(id,floor_number, target_temperature, building_id) VALUES(-8,3,15,-10);

INSERT INTO TFLOOR(id,floor_number, target_temperature, building_id) VALUES(-7,1,20,-9);
INSERT INTO TFLOOR(id,floor_number, target_temperature, building_id) VALUES(-6,2,15,-9);
INSERT INTO TFLOOR(id,floor_number, target_temperature, building_id) VALUES(-5,3,10,-9);

INSERT INTO TFLOOR(id,floor_number, target_temperature, building_id) VALUES(-4,1,25,-8);
INSERT INTO TFLOOR(id,floor_number, target_temperature, building_id) VALUES(-3,2,20,-8);


INSERT INTO TROOM(id, name, floor_id, current_temperature, target_temperature) VALUES(-1, 'Room1', -10, 22.3, 20.0);
INSERT INTO TROOM(id, name, floor_id) VALUES(-2, 'Room2', -10);
INSERT INTO TROOM(id, name, floor_id, current_temperature, target_temperature) VALUES(-3, 'Room3', -9, 22.3, 20.0);
INSERT INTO TROOM(id, name, floor_id, current_temperature, target_temperature) VALUES(-4, 'Room4', -9, 25.3, 20.0);
INSERT INTO TROOM(id, name, floor_id, current_temperature, target_temperature) VALUES(-5, 'Room5', -8, 26.3, 20.0);
INSERT INTO TROOM(id, name, floor_id, current_temperature, target_temperature) VALUES(-6, 'Room6', -7, 21.3, 20.0);
INSERT INTO TROOM(id, name, floor_id, current_temperature, target_temperature) VALUES(-7, 'Room7', -6, 28.3, 20.0);
INSERT INTO TROOM(id, name, floor_id, current_temperature, target_temperature) VALUES(-8, 'Room8', -5, 21.3, 20.0);
INSERT INTO TROOM(id, name, floor_id, current_temperature, target_temperature) VALUES(-9, 'Room9', -5, 20.3, 20.0);
INSERT INTO TROOM(id, name, floor_id, current_temperature, target_temperature) VALUES(-10, 'Room10', -4, 20.3, 20.0);
INSERT INTO TROOM(id, name, floor_id, current_temperature, target_temperature) VALUES(-11, 'Room11', -3, 20.3, 20.0);
INSERT INTO TROOM(id, name, floor_id, current_temperature, target_temperature) VALUES(-12, 'Room12', -3, 19.3, 20.0);
INSERT INTO TROOM(id, name, floor_id, current_temperature, target_temperature) VALUES(-13, 'Room13', -3, 18.3, 20.0);
INSERT INTO TROOM(id, name, floor_id, current_temperature, target_temperature) VALUES(-14, 'Room14', -10, 17.3, 20.0);
INSERT INTO TROOM(id, name, floor_id, current_temperature, target_temperature) VALUES(-15, 'Room15', -9, 18.3, 20.0);
INSERT INTO TROOM(id, name, floor_id, current_temperature, target_temperature) VALUES(-16, 'Room16', -8, 20.3, 20.0);
INSERT INTO TROOM(id, name, floor_id, current_temperature, target_temperature) VALUES(-17, 'Room17', -7, 20.3, 20.0);
INSERT INTO TROOM(id, name, floor_id, current_temperature, target_temperature) VALUES(-18, 'Room18', -6, 21.3, 20.0);
INSERT INTO TROOM(id, name, floor_id, current_temperature, target_temperature) VALUES(-19, 'Room19', -6, 23.3, 20.0);
INSERT INTO TROOM(id, name, floor_id, current_temperature, target_temperature) VALUES(-20, 'Room20', -9, 24.3, 20.0);

INSERT INTO THEATER(id, heater_status, name, power, room_id) VALUES(-1, 'ON', 'Heater1', 2000, -1);
INSERT INTO THEATER(id, heater_status, name, power, room_id) VALUES(-2, 'OFF', 'Heater2', 2000, -2);
INSERT INTO THEATER(id, heater_status, name, power, room_id) VALUES(-3, 'ON', 'Heater3', 2000, -3);
INSERT INTO THEATER(id, heater_status, name, power, room_id) VALUES(-4, 'ON', 'Heater4', null, -4);
INSERT INTO THEATER(id, heater_status, name, power, room_id) VALUES(-5, 'ON', 'Heater5', 1000, -5);
INSERT INTO THEATER(id, heater_status, name, power, room_id) VALUES(-6, 'ON', 'Heater6', null, -6);
INSERT INTO THEATER(id, heater_status, name, power, room_id) VALUES(-7, 'OFF', 'Heater7', 500, -7);
INSERT INTO THEATER(id, heater_status, name, power, room_id) VALUES(-8, 'OFF', 'Heater8', null, -8);
INSERT INTO THEATER(id, heater_status, name, power, room_id) VALUES(-9, 'OFF', 'Heater9', 200, -9);
INSERT INTO THEATER(id, heater_status, name, power, room_id) VALUES(-10, 'OFF', 'Heater10', null, -10);
INSERT INTO THEATER(id, heater_status, name, power, room_id) VALUES(-11, 'ON', 'Heater11', null, -11);
INSERT INTO THEATER(id, heater_status, name, power, room_id) VALUES(-12, 'OFF', 'Heater12', null, -12);
INSERT INTO THEATER(id, heater_status, name, power, room_id) VALUES(-13, 'ON', 'Heater13', null, -13);
INSERT INTO THEATER(id, heater_status, name, power, room_id) VALUES(-14, 'OFF', 'Heater14', null, -14);
INSERT INTO THEATER(id, heater_status, name, power, room_id) VALUES(-15, 'OFF', 'Heater15', null, -15);
INSERT INTO THEATER(id, heater_status, name, power, room_id) VALUES(-16, 'ON', 'Heater16', 100, -16);
INSERT INTO THEATER(id, heater_status, name, power, room_id) VALUES(-17, 'OFF', 'Heater17', null, -17);
INSERT INTO THEATER(id, heater_status, name, power, room_id) VALUES(-18, 'ON', 'Heater18', null, -18);
INSERT INTO THEATER(id, heater_status, name, power, room_id) VALUES(-19, 'OFF', 'Heater19', 500, -1);
INSERT INTO THEATER(id, heater_status, name, power, room_id) VALUES(-20, 'OFF', 'Heater20', null, -1);
INSERT INTO THEATER(id, heater_status, name, power, room_id) VALUES(-21, 'OFF', 'Heater21', null, -2);
INSERT INTO THEATER(id, heater_status, name, power, room_id) VALUES(-22, 'OFF', 'Heater22', null, -2);
INSERT INTO THEATER(id, heater_status, name, power, room_id) VALUES(-23, 'OFF', 'Heater23', 2000, -3);
INSERT INTO THEATER(id, heater_status, name, power, room_id) VALUES(-24, 'ON', 'Heater24', null, -3);
INSERT INTO THEATER(id, heater_status, name, power, room_id) VALUES(-25, 'OFF', 'Heater25', null, -5);
INSERT INTO THEATER(id, heater_status, name, power, room_id) VALUES(-26, 'OFF', 'Heater26', 1800, -6);
INSERT INTO THEATER(id, heater_status, name, power, room_id) VALUES(-27, 'ON', 'Heater27', null, -8);
INSERT INTO THEATER(id, heater_status, name, power, room_id) VALUES(-28, 'ON', 'Heater28', null, -9);
INSERT INTO THEATER(id, heater_status, name, power, room_id) VALUES(-29, 'ON', 'Heater29', null, -14);
INSERT INTO THEATER(id, heater_status, name, power, room_id) VALUES(-30, 'OFF', 'Heater30', null, -16);


INSERT INTO TWINDOW(id, window_status, name, room_id) VALUES(-1, 'OPEN', 'Window1', -1);
INSERT INTO TWINDOW(id, window_status, name, room_id) VALUES(-2, 'CLOSED', 'Window2', -2);
INSERT INTO TWINDOW(id, window_status, name, room_id) VALUES(-3, 'OPEN', 'Window3', -3);
INSERT INTO TWINDOW(id, window_status, name, room_id) VALUES(-4, 'OPEN', 'Window4', -4);
INSERT INTO TWINDOW(id, window_status, name, room_id) VALUES(-5, 'OPEN', 'Window5', -5);
INSERT INTO TWINDOW(id, window_status, name, room_id) VALUES(-6, 'OPEN', 'Window6', -6);
INSERT INTO TWINDOW(id, window_status, name, room_id) VALUES(-7, 'CLOSED', 'Window7', -7);
INSERT INTO TWINDOW(id, window_status, name, room_id) VALUES(-8, 'CLOSED', 'Window8', -8);
INSERT INTO TWINDOW(id, window_status, name, room_id) VALUES(-9, 'CLOSED', 'Window9', -9);
INSERT INTO TWINDOW(id, window_status, name, room_id) VALUES(-10, 'CLOSED', 'Window10' , -10);
INSERT INTO TWINDOW(id, window_status, name, room_id) VALUES(-11, 'OPEN', 'Window11', -11);
INSERT INTO TWINDOW(id, window_status, name, room_id) VALUES(-12, 'CLOSED', 'Window12', -12);
INSERT INTO TWINDOW(id, window_status, name, room_id) VALUES(-13, 'OPEN', 'Window13', -13);
INSERT INTO TWINDOW(id, window_status, name, room_id) VALUES(-14, 'CLOSED', 'Window14', -14);
INSERT INTO TWINDOW(id, window_status, name, room_id) VALUES(-15, 'CLOSED', 'Window15', -15);
INSERT INTO TWINDOW(id, window_status, name, room_id) VALUES(-16, 'OPEN', 'Window16', -16);
INSERT INTO TWINDOW(id, window_status, name, room_id) VALUES(-17, 'CLOSED', 'Window17', -17);
INSERT INTO TWINDOW(id, window_status, name, room_id) VALUES(-18, 'OPEN', 'Window18', -18);
INSERT INTO TWINDOW(id, window_status, name, room_id) VALUES(-19, 'CLOSED', 'Window19', -1);
INSERT INTO TWINDOW(id, window_status, name, room_id) VALUES(-20, 'CLOSED', 'Window20', -1);
INSERT INTO TWINDOW(id, window_status, name, room_id) VALUES(-21, 'CLOSED', 'Window21', -2);
INSERT INTO TWINDOW(id, window_status, name, room_id) VALUES(-22, 'CLOSED', 'Window22', -2);
INSERT INTO TWINDOW(id, window_status, name, room_id) VALUES(-23, 'CLOSED', 'Window23', -3);
INSERT INTO TWINDOW(id, window_status, name, room_id) VALUES(-24, 'OPEN', 'Window24', -3);
INSERT INTO TWINDOW(id, window_status, name, room_id) VALUES(-25, 'CLOSED', 'Window25', -5);
INSERT INTO TWINDOW(id, window_status, name, room_id) VALUES(-26, 'CLOSED', 'Window26', -6);
INSERT INTO TWINDOW(id, window_status, name, room_id) VALUES(-27, 'OPEN', 'Window27', -8);
INSERT INTO TWINDOW(id, window_status, name, room_id) VALUES(-28, 'OPEN', 'Window28', -9);
INSERT INTO TWINDOW(id, window_status, name, room_id) VALUES(-29, 'OPEN', 'Window29', -14);
INSERT INTO TWINDOW(id, window_status, name, room_id) VALUES(-30, 'CLOSED', 'Window30', -16);